{
  "camera_matrix": [
    704.794078001274,
    0.0,
    320.0,
    0.0,
    718.766056466343,
    240.0,
    0.0,
    0.0,
    1.0
  ],
  "dist_coeff": [
    -0.527425626579164,
    1.30450069781873,
    0.0116411242466877,
    0.0270049043250451,
    5.0712967746883
  ]
}
