{
  "camera_matrix": [
    988.696257864579,
    0.0,
    627.323014170676,
    0.0,
    963.922115792362,
    367.570019300303,
    0.0,
    0.0,
    1.0
  ],
  "dist_coeff": [
    -0.26402859782457,
    3.09265015324969,
    0.00810044988260412,
    0.0133709974925432,
    -10.0602956015394
  ]
}
