{
  "vision": {
    "H_cam2world": [
      [
        1,
        0,
        0,
        0
      ],
      [
        0,
        1,
        0,
        0
      ],
      [
        0,
        0,
        1,
        0
      ],
      [
        0,
        0,
        0,
        1
      ]
    ],
    "H_board2platform": [
      [
        1,
        0,
        0,
        0
      ],
      [
        0,
        1,
        0,
        0
      ],
      [
        0,
        0,
        1,
        0
      ],
      [
        0,
        0,
        0,
        1
      ]
    ],
    "camera": {
      "camera_matrix": [
        659.365881117933,
        0.0,
        320.0,
        0.0,
        662.149876708115,
        240.0,
        0.0,
        0.0,
        1.0
      ],
      "dist_coeff": [
        -0.277604972705945,
        0.762540241697041,
        -0.0083636627068269,
        0.00331008555598094,
        -0.969221026227004
      ]
    }
  }
}
